-- phpMyAdmin SQL Dump
-- version 5.1.0
-- https://www.phpmyadmin.net/
--
-- Host: 127.0.0.1
-- Waktu pembuatan: 18 Bulan Mei 2022 pada 17.35
-- Versi server: 10.4.18-MariaDB
-- Versi PHP: 7.3.28

SET SQL_MODE = "NO_AUTO_VALUE_ON_ZERO";
START TRANSACTION;
SET time_zone = "+00:00";


/*!40101 SET @OLD_CHARACTER_SET_CLIENT=@@CHARACTER_SET_CLIENT */;
/*!40101 SET @OLD_CHARACTER_SET_RESULTS=@@CHARACTER_SET_RESULTS */;
/*!40101 SET @OLD_COLLATION_CONNECTION=@@COLLATION_CONNECTION */;
/*!40101 SET NAMES utf8mb4 */;

--
-- Database: `dbpemesanan`
--

-- --------------------------------------------------------

--
-- Struktur dari tabel `pemesanan`
--

CREATE TABLE `pemesanan` (
  `id_pemesanan` int(50) NOT NULL,
  `tanggal_pemesanan` date NOT NULL,
  `total_belanja` int(50) NOT NULL
) ENGINE=InnoDB DEFAULT CHARSET=utf8mb4;

--
-- Dumping data untuk tabel `pemesanan`
--

INSERT INTO `pemesanan` (`id_pemesanan`, `tanggal_pemesanan`, `total_belanja`) VALUES
(44, '2022-05-17', 53000),
(45, '2022-05-17', 24750),
(46, '2022-05-17', 59000),
(47, '2022-05-17', 3240),
(48, '2022-05-18', 22150);

-- --------------------------------------------------------

--
-- Struktur dari tabel `pemesanan_produk`
--

CREATE TABLE `pemesanan_produk` (
  `id_pemesanan_produk` int(50) NOT NULL,
  `id_pemesanan` int(50) NOT NULL,
  `id_menu` varchar(50) NOT NULL,
  `jumlah` int(50) NOT NULL
) ENGINE=InnoDB DEFAULT CHARSET=utf8mb4;

--
-- Dumping data untuk tabel `pemesanan_produk`
--

INSERT INTO `pemesanan_produk` (`id_pemesanan_produk`, `id_pemesanan`, `id_menu`, `jumlah`) VALUES
(7, 32, '9', 1),
(8, 32, '11', 1),
(9, 33, '16', 1),
(10, 33, '6', 1),
(11, 34, '13', 1),
(12, 34, '8', 1),
(13, 34, '9', 1),
(14, 34, '17', 1),
(15, 35, '9', 2),
(16, 35, '14', 1),
(17, 36, '8', 1),
(18, 37, '13', 1),
(19, 37, '16', 1),
(20, 38, '8', 1),
(21, 39, '9', 1),
(22, 39, '16', 1),
(23, 40, '10', 1),
(24, 40, '14', 1),
(25, 41, '17', 1),
(26, 41, '10', 1),
(27, 41, '9', 2),
(28, 42, '9', 1),
(29, 42, '14', 1),
(30, 42, '7', 1),
(31, 42, '17', 1),
(32, 43, '8', 1),
(33, 44, '8', 1),
(34, 45, '6', 1),
(35, 46, '12', 1),
(36, 47, '15', 1),
(37, 48, '9', 1);

-- --------------------------------------------------------

--
-- Struktur dari tabel `produk`
--

CREATE TABLE `produk` (
  `id_menu` int(50) NOT NULL,
  `nama_menu` varchar(50) NOT NULL,
  `jenis_menu` varchar(50) NOT NULL,
  `stok` int(50) NOT NULL,
  `harga` int(50) NOT NULL,
  `gambar` varchar(100) NOT NULL
) ENGINE=InnoDB DEFAULT CHARSET=utf8mb4;

--
-- Dumping data untuk tabel `produk`
--

INSERT INTO `produk` (`id_menu`, `nama_menu`, `jenis_menu`, `stok`, `harga`, `gambar`) VALUES
(6, 'Ariul Smooth & Pure Cleansing Foam', 'Facial Wash', 80, 24750, 'ariul.jpg'),
(7, 'Azarine Acne Gentle Cleansing Foam', 'Facial Wash', 50, 25500, 'azarine.jpg'),
(8, 'COSRX Low pH Good Morning Gel Cleanser', 'Facial Wash', 50, 53000, 'cosrx.jpg'),
(9, 'Wardah Lightening Whip Facial Foam', 'Facial Wash', 45, 22150, 'wardahh.jpg'),
(10, 'Emina Sun Battle SPF45 PA+++', 'Sunscreen', 22, 29000, 'sunscreen_emina.jpg'),
(11, 'Carasun Solar Smart UV Protector SPF45', 'Sunscreen', 56, 82000, 'sunscreen_carasun.jpg'),
(12, 'Nivea Sun Face Protection', 'Sunscreen', 42, 59000, 'sunscreen_nivea.jpg'),
(13, 'Biore UV Blocking Moisturizing', 'Sunscreen', 12, 53800, 'sunscreen_biore.jpg'),
(14, 'Madame Gie Essence Blanket Mask', 'Sheet Mask', 20, 6500, 'mask_madame gie.jpg'),
(15, 'BIOAQUA Sheet Mask Brightening', 'Sheet Mask', 11, 3240, 'mask_bioaqua.jpg'),
(16, 'Garnier Serum Facial Sheet Mask', 'Sheet Mask', 17, 13000, 'mask_garnier.jpg'),
(17, 'LANBENA Serum Sheet Mask', 'Sheet Mask', 34, 6900, 'mask_lanbena.jpg');

-- --------------------------------------------------------

--
-- Struktur dari tabel `user`
--

CREATE TABLE `user` (
  `id_user` int(25) NOT NULL,
  `username` varchar(25) NOT NULL,
  `password` varchar(25) NOT NULL,
  `nama_lengkap` varchar(25) NOT NULL,
  `jenis_kelamin` varchar(25) NOT NULL,
  `tanggal_lahir` date NOT NULL,
  `alamat` varchar(25) NOT NULL,
  `hp` varchar(25) NOT NULL,
  `status` enum('admin','user','','') NOT NULL
) ENGINE=InnoDB DEFAULT CHARSET=utf8mb4;

--
-- Dumping data untuk tabel `user`
--

INSERT INTO `user` (`id_user`, `username`, `password`, `nama_lengkap`, `jenis_kelamin`, `tanggal_lahir`, `alamat`, `hp`, `status`) VALUES
(1, 'daus', 'daus123', 'Alfirdaus Muhammad Farhan', 'Laki-Laki', '1998-05-14', 'Tanjung Piayu', '089560328673', 'admin'),
(2, 'rinaldo', 'rinaldo123', 'Rinaldo', 'Laki-Laki', '1999-01-11', 'Tanjung Uma', '085233748222', 'user'),
(3, 'admin', 'admin', 'Alfirdaus Muhammad Farhan', 'Laki-Laki', '1998-05-19', 'Tanjung Piayu', '089123614882', 'admin'),
(4, 'user', 'user', 'Rinaldo', 'Laki-Laki', '1998-10-22', 'Tanjung Uma', '089560328673', 'user'),
(5, 'rinaldo', 'rinaldo', 'Rinaldo', 'Laki-Laki', '1999-02-23', 'Tanjung Uma', '089123614882', 'user'),
(6, 'daus', 'daus123', 'Alfirdaus Muhammad Farhan', 'Laki-Laki', '1998-05-14', 'Tanjung Piayu', '085233748222', 'admin'),
(7, 'Fazrinnn', '', 'Fazrin Meila', 'Perempuan', '2002-05-23', 'Karawang', '085894225517', 'user');

--
-- Indexes for dumped tables
--

--
-- Indeks untuk tabel `pemesanan`
--
ALTER TABLE `pemesanan`
  ADD PRIMARY KEY (`id_pemesanan`);

--
-- Indeks untuk tabel `pemesanan_produk`
--
ALTER TABLE `pemesanan_produk`
  ADD PRIMARY KEY (`id_pemesanan_produk`);

--
-- Indeks untuk tabel `produk`
--
ALTER TABLE `produk`
  ADD PRIMARY KEY (`id_menu`);

--
-- Indeks untuk tabel `user`
--
ALTER TABLE `user`
  ADD PRIMARY KEY (`id_user`);

--
-- AUTO_INCREMENT untuk tabel yang dibuang
--

--
-- AUTO_INCREMENT untuk tabel `pemesanan`
--
ALTER TABLE `pemesanan`
  MODIFY `id_pemesanan` int(50) NOT NULL AUTO_INCREMENT, AUTO_INCREMENT=49;

--
-- AUTO_INCREMENT untuk tabel `pemesanan_produk`
--
ALTER TABLE `pemesanan_produk`
  MODIFY `id_pemesanan_produk` int(50) NOT NULL AUTO_INCREMENT, AUTO_INCREMENT=38;

--
-- AUTO_INCREMENT untuk tabel `produk`
--
ALTER TABLE `produk`
  MODIFY `id_menu` int(50) NOT NULL AUTO_INCREMENT, AUTO_INCREMENT=22;

--
-- AUTO_INCREMENT untuk tabel `user`
--
ALTER TABLE `user`
  MODIFY `id_user` int(25) NOT NULL AUTO_INCREMENT, AUTO_INCREMENT=8;
COMMIT;

/*!40101 SET CHARACTER_SET_CLIENT=@OLD_CHARACTER_SET_CLIENT */;
/*!40101 SET CHARACTER_SET_RESULTS=@OLD_CHARACTER_SET_RESULTS */;
/*!40101 SET COLLATION_CONNECTION=@OLD_COLLATION_CONNECTION */;
